file,seed,seed_flags,modifier_count,has_dead_sensors,is_fullmap,modifiers,seed_raw,unknown_tokens
101__capture_2026-02-17T04-31-03-153Z.png,15640,LENGTH_5_NOT_8,8,False,False,Artifact: Ice | Fast Gate | Cosmic Storm | Leech Swarms | Legion Patrols | Lava Epics | Lots Of Asteroids | Few Ships,mapseed15640 | beed:1915B | mase15640 | seed:1915B | ese186) | apseed:1915B6.,
105__capture_2026-02-17T22-20-22-983Z.png,352EA0,LENGTH_6_NOT_8,1,True,False,Dead Sensors,magseed3052EA0 | ed:13052 | mapseed352ea0 | pseed:13052E | es004) | upseed:13052E,eachbums01Xx
107__capture_2026-02-17T23-15-08-496Z.png,,NO_SEED_FOUND,6,False,False,Artifact: Ice | Sandstorm | Easy Loot | Dead Worlds | Legion Patrols | Few Ships,"magseedD7e01 | maeedD701 | beed:D7I | eeDeo, | apseed:D7E7",RapldWarrior
108__capture_2026-02-17T23-41-05-781Z.png,,NO_SEED_FOUND,6,False,False,Artifact: Ice | Leech Swarms | Lava Epics | Gloaming Expanse | Legion Patrols | Few Ships,magseed:4DF4B00 | seed:4DDF48 | masd:4D40 | pseed:4DDF4BC | asD0 | apseed:4DDF4BC,apldWarrior
111__capture_2026-02-18T23-15-14-312Z.png,,NO_SEED_FOUND,9,False,False,Artifact: Healing | Fast Gate | Ancient Vault | Leech Swarms | Legion Patrols | Lava Epics | Low Altitude Fog | Cryon Rift | Few Ships,magseed19320 | oseed:189731 | mapsee87320 | pseed:18973A | es81020 | upseed:18973A:,egdbumse)xx
113__capture_2026-02-20T02-35-22-703Z.png,,NO_SEED_FOUND,1,True,False,Dead Sensors,magseed:2D42640 | eed:29D42 | mapsed242640 | pseed:29D426. | es0240 | apseed:29D4261,
114__capture_2026-02-20T19-21-28-479Z.png,467180,LENGTH_6_NOT_8,8,False,False,Artifact: Healing | Ancient Vault | Rogue Turrets | Epic Loot | Lots Of Asteroids | Gloaming Expanse | Legion Patrols | Few Ships,mapseed467180 | ped:46718 | mapsed46180 | seed:46718F | eses | apseed:46718FF,
115__capture_2026-02-20T20-00-19-022Z.png,48C080,LENGTH_6_NOT_8 | SUBST(48CO80->48C080),6,False,False,Artifact: Ice | Epic Loot | Low Altitude Fog | Gloaming Expanse | Legion Patrols | Few Ships,mapseed48CO80 | 448C0 | d: | mapsed48C0f80 | upseed:448COFI | ese4eafes | apseed:448COF:,ricksParts
116__capture_2026-02-20T20-33-34-674Z.png,,NO_SEED_FOUND,1,True,False,Dead Sensors,magpseed3298FC0 | seed:3E2981 | mased3298C0 | seed:3E298F | es9eo | apseed:3E298FC,
117__capture_2026-02-20T21-21-36-089Z.png,,NO_SEED_FOUND,7,False,False,Artifact: Ice | Ancient Vault | Rogue Turrets | Legion Patrols | Low Altitude Fog | Few Asteroids | Gloaming Expanse,magpseed70267e00 | seed:7D267 | magsed7270 | seed:7D267E | e20 | apseed:7D267EC,FANCYGOOSE | PRIVATEER | DUBIOUSREFLECTION | Hunter
119__capture_2026-02-20T23-03-12-537Z.png,,NO_SEED_FOUND,6,False,False,Artifact: Weapon | Rogue Turrets | Epic Loot | Few Asteroids | Dead Worlds | Legion Patrols,mapsee:52F0 | ed:532F | mosed5280 | seed:532FBF | e0 | apseed:532FBFC,VANGUARD | HUNtER | ESCAPEVELOCITY | SOLOOUTLAW
120__capture_2026-02-22T00-33-42-386Z.png,53D180,LENGTH_6_NOT_8,6,False,False,Artifact: Ice | Sandstorm | Legion Patrols | Lava Epics | Dead Worlds | Few Ships,mapseed:53D180 | seed:5A3FD | mosede3FD180 | seed:5A3FD1 | ee18 | apseed:5A3FD18,oldWarrior
121__capture_2026-02-22T01-10-18-742Z.png,,NO_SEED_FOUND,5,False,False,Artifact: Weapon | Cosmic Storm | Legion Patrols | Lava Epics | Few Ships,magseed1B0320 | oseed:1FBO31 | mapsd10320 | oseed:1FB03E | es0 | apseed:1FB03E:,PROBYMCPROBEFACE | OUTLAW | oldWarrior
122__capture_2026-02-22T01-52-36-408Z.png,,NO_SEED_FOUND,8,False,False,Artifact: Healing | Ancient Vault | Rogue Turrets | Lava Epics | Low Altitude Fog | Lots Of Asteroids | Legion Patrols | Few Ships,magsee:4818CA80 | seed:481BCA | mase4818CA80 | upseed:481BCAI | C | apseed:481BCAI,ENTVAULT | LONGHAULER | STARDOCK | StueGrifn
123__capture_2026-02-22T02-02-22-038Z.png,4C8F100,LENGTH_7_NOT_8,6,False,False,Artifact: Healing | Fast Gate | Rogue Turrets | Few Asteroids | Legion Patrols | Few Ships,"mapseed:4C8F100 | ed:4BC8F | mosed:4810 | seed:4BC8F1 | eo, | apseed:4BC8F1C",
124__capture_2026-02-25T01-33-26-133Z.png,28B02,LENGTH_5_NOT_8,7,False,False,Artifact: Healing | Fast Gate | Leech Swarms | Legion Patrols | Lots Of Asteroids | Cryon Rift | Few Ships,mapseed28B02 | eed:1208 | mased20802 | seed:1208B | mee00) | upseed:1208BC,
128__capture_2026-02-25T03-12-15-194Z.png,64C08F0,LENGTH_7_NOT_8,7,False,False,Artifact: Healing | Rogue Turrets | Low Altitude Fog | Few Asteroids | Cryon Rift | Legion Patrols | Few Ships,mapseed64C08F0 | seed:64C081 | mapse600 | oseed:64CO8F | osee0 | apseed:64CO8F,
129__capture_2026-02-25T03-45-23-385Z.png,4DA9580,LENGTH_7_NOT_8,1,True,False,Dead Sensors,mapseed4DA9580 | seed:40DA95 | mapsed40980 | upseed:40DA95 | s0s80 | apseed:40DA951,YOKXBtard
131__capture_2026-02-25T05-26-45-547Z.png,598C200,LENGTH_7_NOT_8,5,False,False,Artifact: Weapon | Sandstorm | Dead Worlds | Legion Patrols | Few Ships,mapseed598C200 | seed:59BC2 | mapsd98C20 | pseed:59BC2E | ese80 | apseed:59BC2E,
132__capture_2026-02-25T06-02-46-869Z.png,,NO_SEED_FOUND,6,False,False,Artifact: Healing | Legion Patrols | Lava Epics | Low Altitude Fog | Cryon Rift | Few Ships,magpseed5030900 | )seed:503091 | mased00 | seed:50309F | s0 | apseed:50309F,
134__capture_2026-03-01T05-49-39-708Z.png,,NO_SEED_FOUND,9,False,False,Artifact: Ice | Fast Gate | Ancient Vault | Leech Swarms | Lava Epics | Lots Of Asteroids | Dead Worlds | Legion Patrols | Few Ships,magseed:5CED9400 | SCEDO | Q:: | msed9400 | seed:5CED94 | esd0) | upseed:5CED944,
136__capture_2026-03-04T22-45-02-585Z.png,5A73080,LENGTH_7_NOT_8,7,False,False,Artifact: Healing | Fast Gate | Leech Swarms | Legion Patrols | Lots Of Asteroids | Cryon Rift | Few Ships,mapseed5A73080 | pseed:5AA73 | mapsedA00 | pseed:5AA730 | ed08 | upseed:5AA730,baSteve
138__capture_2026-03-05T05-48-05-497Z.png,A7200,LENGTH_5_NOT_8,9,False,False,Artifact: Healing | Fast Gate | Ancient Vault | Leech Swarms | Rogue Turrets | Low Altitude Fog | Lots Of Asteroids | Legion Patrols | Few Ships,mapseedA7200 | Ped:FAs | magsedA720 | seed:FA72E | eeFe0 | pseed:FA72E,
140__capture_2026-03-05T06-41-54-863Z.png,385AD8C0,,1,True,False,Dead Sensors,mapseed385AD8C0 | seed:385aD | mapsed854D8C0 | ipseed:385AD8 | es0Co | upseed:385AD8(,enched22
144__capture_2026-03-06T19-33-26-202Z.png,,NO_SEED_FOUND,5,False,False,Artifact: Ice | Cosmic Storm | Legion Patrols | Low Altitude Fog | Few Ships,magpsee:520E300 | seed:52BOE: | mased2800 | seed:52BOE3 | 00 | apseed:52BOE3,codeKraken
145__capture_2026-03-06T22-40-43-509Z.png,68410,LENGTH_5_NOT_8,1,True,False,Dead Sensors,mapseed68410 | seed:684F3 | mapsed6410 | seed:684F31 | s0 | apseed:684F310,
146__capture_2026-03-06T22-40-43-509Z__relinked_1.png,68410,LENGTH_5_NOT_8,1,True,False,Dead Sensors,mapseed68410 | seed:684F3 | mapsed6410 | seed:684F31 | s0 | apseed:684F310,
147__capture_2026-03-07T01-22-49-063Z.png,34C0F280,SUBST(34COF280->34C0F280),6,False,False,Artifact: Healing | Ancient Vault | Leech Swarms | Easy Loot | Legion Patrols | Few Ships,mapseed34COF280 | a:340 | mapsede3C020 | pseed:34COF2 | ee028 | upseed:34COF2),S.S.BADDECISIONS | BASTION
148__capture_2026-03-07T01-52-05-890Z.png,,NO_SEED_FOUND,7,False,False,Artifact: Healing | Sandstorm | Rogue Turrets | Few Asteroids | Dead Worlds | Legion Patrols | Few Ships,magsed:185CA800 | eed:185C. | mapse85C80 | pseed:185CA8: | ee080 | upseed:185CA81,COSMICSANS | SCOUT | bergockey
149__capture_2026-03-07T01-52-05-890Z.png,,NO_SEED_FOUND,7,False,False,Artifact: Healing | Sandstorm | Rogue Turrets | Few Asteroids | Dead Worlds | Legion Patrols | Few Ships,magsed:185CA800 | eed:185C. | mapse85C80 | pseed:185CA8: | ee080 | upseed:185CA81,COSMICSANS | SCOUT | bergockey
152__capture_2026-03-08T05-35-08-583Z.png,,NO_SEED_FOUND,8,False,False,Artifact: Healing | Fast Gate | Rogue Turrets | Legion Patrols | Lava Epics | Lots Of Asteroids | Dead Worlds | Few Ships,magpseed1810 | ped:1141 | mased1810 | oseed:1148B1 | meeh0 | apseed:1148B1K,
153__capture_2026-03-08T06-07-45-187Z.png,,NO_SEED_FOUND,9,False,False,Artifact: Weapon | Sandstorm | Ancient Vault | Rogue Turrets | Low Altitude Fog | Few Asteroids | Dead Worlds | Legion Patrols | Few Ships,magseed693c00 | Ped:6093CI | mased60360 | seed:6093CD | esco | upseed:6093CDI,
156__capture_2026-03-08T23-10-09-213Z.png,,NO_SEED_FOUND,8,False,False,Artifact: Ice | Ancient Vault | Rogue Turrets | Lava Epics | Low Altitude Fog | Few Asteroids | Cryon Rift | Legion Patrols,MEREMAININOS1psed:545BC80 | TIMEREMAINING59:2954C80 | TIMEREMAINING9:2 | 9:2 | EREMAININ | pseed:5F45B,UNSINKABLEII | HUNtER | ICARUS | SOLOOUTLAW
157__capture_2026-03-08T23-27-19-268Z.png,,NO_SEED_FOUND,9,False,False,Artifact: Healing | Haunted Storm | Ancient Vault | Leech Swarms | Rogue Turrets | Lots Of Asteroids | Gloaming Expanse | Legion Patrols | Few Ships,mapsed:4B0360 | ed:44BO3 | mapse4060 | pseed:44B036 | me00) | apseed:44B0361,
158__capture_2026-03-09T03-03-14-344Z.png,3AD09F40,,6,False,False,Artifact: Healing | Leech Swarms | Lots Of Asteroids | Cryon Rift | Legion Patrols | Few Ships,mapseed3AD09F40 | oseed:3ad091 | mapsed0940 | pseed:3AD09F | eeD40 | apseed:3AD09F,kythe45
160__capture_2026-03-09T03-30-32-581Z.png,08600,LENGTH_5_NOT_8,1,True,False,Dead Sensors,mapseed08600 | eed:50D86 | maseed060 | ipseed:50D86D | s00 | apseed:50D86De,
163__capture_2026-03-09T05-06-19-093Z.png,,NO_SEED_FOUND,10,False,False,Artifact: Healing | Fast Gate | Haunted Storm | Leech Swarms | Rogue Turrets | Legion Patrols | Lava Epics | Few Asteroids | Gloaming Expanse | Few Ships,magsed:6D0F500 | ea:6DC | magse600 | pseed:6DOF57 | es0 | upseed:6DOF57,uberelocke
165__capture_2026-03-10T03-26-56-644Z.png,,NO_SEED_FOUND,5,False,False,Artifact: Weapon | Fast Gate | Epic Loot | Legion Patrols | Few Ships,mapsee:275D0500 | seed:275DO! | mapse2500 | ipseed:275D05 | esee600 | apseed:275D05,arkoPizza
166__capture_2026-03-10T04-04-02-104Z.png,,NO_SEED_FOUND,5,False,False,Artifact: Healing | Haunted Storm | Legion Patrols | Gloaming Expanse | Few Ships,magseed510580 | seed:511051 | mapsd0580 | pseed:51105B | s0 | apseed:51105B:,
167__capture_2026-03-10T04-37-50-905Z.png,,NO_SEED_FOUND,9,False,False,Artifact: Ice | Haunted Storm | Ancient Vault | Rogue Turrets | Legion Patrols | Low Altitude Fog | Lots Of Asteroids | Gloaming Expanse | Few Ships,magsee:39ECCe40 | sa:S | magsee30C40 | pseed:39ECCE | eeCeoc | upseed:39ECCE,tingPupy
169__capture_2026-03-10T23-16-42-128Z.png,,NO_SEED_FOUND,8,False,False,Artifact: Weapon | Fast Gate | Cosmic Storm | Rogue Turrets | Epic Loot | Lots Of Asteroids | Legion Patrols | Few Ships,mapsee:740DB380 | eed:740DB: | magsee708380 | upseed:740DB3 | ee80 | upseed:740DB31,mberelocke
171__capture_2026-03-11T00-08-38-692Z.png,,NO_SEED_FOUND,8,False,False,Artifact: Ice | Fast Gate | Ice Storm | Ancient Vault | Leech Swarms | Cryon Rift | Legion Patrols | Few Ships,mapsed:4CF85E00 | seed:4CF851 | mapsee4850 | pseed:4CF85E | ees) | upseed:4CF85E,iberelocke
172__capture_2026-03-11T00-50-35-520Z.png,,NO_SEED_FOUND,5,False,False,Artifact: Ice | Haunted Storm | Gloaming Expanse | Legion Patrols | Few Ships,magpseed51008 | sea:510 | mased1008 | oseed:51D70 | ee0) | apseed:51D70X,
176__capture_2026-03-11T19-48-06-664Z.png,,NO_SEED_FOUND,6,False,False,Artifact: Weapon | Cosmic Storm | Rogue Turrets | Legion Patrols | Few Asteroids | Few Ships,magpseed6D51380 | seed:6AD51 | magsed6D130 | seed:6AD513 | 80 | upseed:6AD513,mberelocke
1774159967028__capture_2026-03-22T06-14-56-411Z.png,,NO_SEED_FOUND,8,False,False,Artifact: Healing | Fast Gate | Ancient Vault | Leech Swarms | Legion Patrols | Lava Epics | Low Altitude Fog | Few Ships,magpseed2436400 | seed:24363 | msed436340 | seed:243634 | 0 | upseed:243631,
177__capture_2026-03-11T20-12-46-579Z.png,,NO_SEED_FOUND,5,False,False,Artifact: Healing | Legion Patrols | Lava Epics | Dead Worlds | Few Ships,magseed:486400 | masd4860 | seed:44986A | es80 | apseed:44986A,iberelocke
178__capture_2026-03-11T20-53-50-978Z.png,,NO_SEED_FOUND,9,False,False,Artifact: Healing | Ancient Vault | Rogue Turrets | Legion Patrols | Lava Epics | Low Altitude Fog | Few Asteroids | Gloaming Expanse | Few Ships,magpsee:45613800 | seed:456F3 | mased45680 | seed:456F381 | 60 | apseed:456F38C,
180__capture_2026-03-11T21-40-05-453Z.png,,NO_SEED_FOUND,8,False,False,Artifact: Weapon | Ice Storm | Leech Swarms | Rogue Turrets | Few Asteroids | Cryon Rift | Legion Patrols | Few Ships,magpseed6792380 | eed:6792E | mogsede69230 | seed:6792E3 | e280 | apseed:6792E3,restOnyx
181__capture_2026-03-11T22-08-09-069Z.png,,NO_SEED_FOUND,6,False,False,Artifact: Weapon | Fast Gate | Sandstorm | Dead Worlds | Legion Patrols | Few Ships,magpseed104A00 | oseed:1044af | mased0440 | seed:104AAF | s0 | apseed:104AAF,
185__capture_2026-03-11T23-47-37-491Z.png,7878CC80,,6,False,False,Artifact: Weapon | Ancient Vault | Legion Patrols | Lava Epics | Gloaming Expanse | Few Ships,mapseed7878CC80 | 78780 | d:1 | mapsed78c80 | ipseed:7878CC | ee87es | apseed:7878CCI,
186__capture_2026-03-12T00-20-15-745Z.png,3CAEC380,,5,False,False,Artifact: Ice | Ancient Vault | Legion Patrols | Lava Epics | Few Ships,mapseed3CAEC380 | seed:3CAEC: | mapsedC30 | pseed:3CAEC3 | esec80 | apseed:3CAEC3,
187__capture_2026-03-12T01-11-45-386Z.png,CB4400,LENGTH_6_NOT_8,5,False,False,Artifact: Ice | Legion Patrols | Lava Epics | Low Altitude Fog | Few Ships,mapseedCB4400 | oseed:2CB44: | mapsed200 | pseed:2CB443 | es080 | apseed:2CB443,
188__capture_2026-03-12T01-36-23-175Z.png,,NO_SEED_FOUND,6,False,False,Artifact: Weapon | Ancient Vault | Lava Epics | Gloaming Expanse | Legion Patrols | Few Ships,magpseed47488 | magsed:47488 | seed:4F74B | masee48 | apseed:4F74B: | cmlowb,
189__capture_2026-03-12T02-22-50-339Z.png,5270400,LENGTH_7_NOT_8,6,False,False,Artifact: Healing | Ice Storm | Lava Epics | Cryon Rift | Legion Patrols | Few Ships,mapseed5270400 | pseed:52A704 | mapsd270 | ipseed:52A704 | es20 | apseed:52A7044,
190__capture_2026-03-12T02-54-36-656Z.png,140680,LENGTH_6_NOT_8,8,False,False,Artifact: Weapon | Sandstorm | Leech Swarms | Rogue Turrets | Easy Loot | Dead Worlds | Legion Patrols | Few Ships,mapseed140680 | ed:14806 | mosed480680 | seed:14806B | e) | apseed:14806Bl,
191__capture_2026-03-12T03-26-34-412Z.png,,NO_SEED_FOUND,5,False,False,Artifact: Ice | Ancient Vault | Cryon Rift | Legion Patrols | Few Ships,magsed:18C2440 | a: | mapsed8240 | pseed:188C244 | ee1840 | apseed:188C24),
192__capture_2026-03-12T03-54-09-488Z__relinked_1.png,,NO_SEED_FOUND,8,False,False,Artifact: Healing | Haunted Storm | Rogue Turrets | Easy Loot | Lots Of Asteroids | Gloaming Expanse | Legion Patrols | Few Ships,magpsee6832800 | 6B32 | d: | mased6830 | seed:6B3283 | e0 | apseed:6B3283,
193__capture_2026-03-12T04-19-01-005Z__relinked_1.png,,NO_SEED_FOUND,1,True,False,Dead Sensors,magpseed18FA520 | oseed:1BFA5A | magsed18A520 | seed:1BFA5A | s8A020 | apseed:1BFA5A | cb,
194__capture_2026-03-12T05-10-54-875Z.png,1056D20,LENGTH_7_NOT_8,8,False,False,Artifact: Ice | Rogue Turrets | Lava Epics | Low Altitude Fog | Lots Of Asteroids | Cryon Rift | Legion Patrols | Few Ships,mapseed1056D20 | seed:1056DI | mosed056e20 | seed:1056DE | ee620 | apseed:1056DE:,
195__capture_2026-03-12T05-10-54-875Z.png,1056D20,LENGTH_7_NOT_8,8,False,False,Artifact: Ice | Rogue Turrets | Lava Epics | Low Altitude Fog | Lots Of Asteroids | Cryon Rift | Legion Patrols | Few Ships,mapseed1056D20 | seed:1056DI | mosed056e20 | seed:1056DE | ee620 | apseed:1056DE:,
197__capture_2026-03-13T03-41-37-665Z.png,,NO_SEED_FOUND,6,False,False,Artifact: Weapon | Ice Storm | Lava Epics | Cryon Rift | Legion Patrols | Few Ships,mapsee:199810 | ed: | mapsd49910 | seed:419981 | s0 | apseed:419981,
200__capture_2026-03-13T04-24-50-061Z.png,,NO_SEED_FOUND,7,False,False,Artifact: Healing | Ancient Vault | Rogue Turrets | Lava Epics | Few Asteroids | Legion Patrols | Few Ships,magpseed450410 | seed:45D41C | mased5410 | seed:45D410 | 40 | apseed:45D4100,
201__capture_2026-03-13T04-24-50-061Z__relinked_1.png,,NO_SEED_FOUND,7,False,False,Artifact: Healing | Ancient Vault | Rogue Turrets | Lava Epics | Few Asteroids | Legion Patrols | Few Ships,magpseed450410 | seed:45D41C | mased5410 | seed:45D410 | 40 | apseed:45D4100,
204__capture_2026-03-13T05-31-16-903Z.png,,NO_SEED_FOUND,8,False,False,Artifact: Ice | Ice Storm | Rogue Turrets | Lava Epics | Few Asteroids | Cryon Rift | Legion Patrols | Few Ships,mapsee1FCFDA0 | mosed1CDA | seed:17FCFD | egea) | apseed:17FCFDZ,artingPuppy | shiMcbeef
207__capture_2026-03-13T05-53-39-152Z.png,6C0DC0,LENGTH_6_NOT_8 | SUBST(6CODC0->6C0DC0),7,False,False,Artifact: Weapon | Ancient Vault | Lava Epics | Low Altitude Fog | Dead Worlds | Legion Patrols | Few Ships,mapseed6CoDC0 | Ped:63COD | ms630c0 | pseed:63CODC | ••• | apseed:63CODC,
208__capture_2026-03-13T06-11-31-951Z.png,,NO_SEED_FOUND,6,False,False,Artifact: Ice | Rogue Turrets | Legion Patrols | Lava Epics | Lots Of Asteroids | Few Ships,magpseed1D5480 | beed:2IDE5 | mosede21540 | seed:21DE54 | e00 | apseed:21DE548,shirMcBeef
249__capture_2026-03-15T21-50-15-527Z.png,,NO_SEED_FOUND,0,False,False,,magsee:305398C0 | ed:305. | masd038C0 | ipseed:3053981 | apseed:3053981,
250__capture_2026-03-15T21-50-15-527Z.png,,NO_SEED_FOUND,0,False,False,,magsee:305398C0 | ed:305. | masd038C0 | ipseed:3053981 | apseed:3053981,
251__capture_2026-03-15T21-50-15-527Z__relinked_1.png,,NO_SEED_FOUND,0,False,False,,magsee:305398C0 | ed:305. | masd038C0 | ipseed:3053981 | apseed:3053981,
253__capture_2026-03-15T21-50-15-527Z__relinked_1.png,,NO_SEED_FOUND,0,False,False,,magsee:305398C0 | ed:305. | masd038C0 | ipseed:3053981 | apseed:3053981,
254__capture_2026-03-15T21-50-15-527Z__relinked_1__relinked_1.png,,NO_SEED_FOUND,0,False,False,,magsee:305398C0 | ed:305. | masd038C0 | ipseed:3053981 | apseed:3053981,
255__capture_2026-03-16T00-11-34-169Z.png,,NO_SEED_FOUND,10,False,False,Artifact: Ice | Fast Gate | Sandstorm | Leech Swarms | Rogue Turrets | Lava Epics | Lots Of Asteroids | Dead Worlds | Legion Patrols | Few Ships,mapsee:74DBOE00 | eed:74DBO | magsee7D0 | upseed:74DBOE | mee00 | upseed:74DBOE,deKraken | Lase
256__capture_2026-03-16T00-33-28-732Z.png,418680,LENGTH_6_NOT_8,8,False,False,Artifact: Weapon | Haunted Storm | Leech Swarms | Lava Epics | Lots Of Asteroids | Gloaming Expanse | Legion Patrols | Few Ships,mapseed418680 | ed:41E8F | mapsd4180 | seed:41E8F6 | ese) | apseed:41E8F61,
257__capture_2026-03-16T00-58-24-493Z.png,5247680,LENGTH_7_NOT_8,1,True,False,Dead Sensors,mapseed5247680 | seed:5247D | mapsd24680 | pseed:5247D6 | ese68 | apseed:5247D6i,
258__capture_2026-03-16T01-21-48-878Z.png,D08100,LENGTH_6_NOT_8,6,False,False,Artifact: Weapon | Legion Patrols | Lava Epics | Low Altitude Fog | Dead Worlds | Few Ships,mapseed:D08100 | eed:D3C | masedD0100 | seed:D30B1 | eeD0 | apseed:D30BK,
259__capture_2026-03-16T01-54-07-447Z.png,,NO_SEED_FOUND,8,False,False,Artifact: Weapon | Haunted Storm | Rogue Turrets | Legion Patrols | Lava Epics | Lots Of Asteroids | Gloaming Expanse | Few Ships,mapsee:4839080 | ed:46839 | mase4e0 | pseed:468390 | w | apseed:468390,
268__capture_2026-03-16T20-20-12-473Z.png,514680,LENGTH_6_NOT_8,0,False,False,,mapseed514680 | eed:5A146 | mosedA1630 | seed:5A1463 | apseed:5A1463,
271__capture_2026-03-16T20-20-12-473Z.png,514680,LENGTH_6_NOT_8,0,False,False,,mapseed514680 | eed:5A146 | mosedA1630 | seed:5A1463 | apseed:5A1463,
275__capture_2026-03-16T20-20-12-473Z__relinked_1.png,514680,LENGTH_6_NOT_8,0,False,False,,mapseed514680 | eed:5A146 | mosedA1630 | seed:5A1463 | apseed:5A1463,
278__capture_2026-03-16T20-20-12-473Z__relinked_1.png,514680,LENGTH_6_NOT_8,0,False,False,,mapseed514680 | eed:5A146 | mosedA1630 | seed:5A1463 | apseed:5A1463,
280__capture_2026-03-17T03-46-38-497Z.png,,NO_SEED_FOUND,9,False,False,Artifact: Ice | Ancient Vault | Leech Swarms | Easy Loot | Low Altitude Fog | Lots Of Asteroids | Gloaming Expanse | Legion Patrols | Few Ships,mapsee:109C020 | ed:10 | mapse0900 | pseed:10D9CO | e00 | apseed:10D9CO:,Kkakeane
282__capture_2026-03-17T04-36-30-226Z.png,,NO_SEED_FOUND,6,False,False,Artifact: Weapon | Fast Gate | Cosmic Storm | Leech Swarms | Legion Patrols | Few Ships,magpseed47BC380 | seed:47BCF: | magsed47C30 | seed:47BCF3: | e180 | apseed:47BCF31,THEMUNGUS | OUTLAW | gidk
283__capture_2026-03-17T05-13-46-713Z.png,29350,LENGTH_5_NOT_8,1,True,False,Dead Sensors,mapseed29350 | 20: | mased29350 | seed:293335 | e0 | apseed:2933350,odeKraken
284__capture_2026-03-17T05-58-56-012Z.png,,NO_SEED_FOUND,9,False,False,Artifact: Ice | Haunted Storm | Leech Swarms | Rogue Turrets | Lava Epics | Few Asteroids | Gloaming Expanse | Legion Patrols | Few Ships,magseed:6D43400 | eed:6DD43 | mased6440 | seed:6DD434 | es460 | upseed:6DD434,paidsigne
287__capture_2026-03-17T23-16-35-418Z.png,,NO_SEED_FOUND,7,False,False,Artifact: Ice | Rogue Turrets | Easy Loot | Few Asteroids | Dead Worlds | Legion Patrols | Few Ships,mgseed19C4E00 | e | ed:719C2 | mapseed940 | pseed:719C4E | s90 | apseed:719C4E,
288__capture_2026-03-17T23-41-46-119Z.png,,NO_SEED_FOUND,5,False,False,Artifact: Weapon | Leech Swarms | Legion Patrols | Dead Worlds | Few Ships,magpsed:83F00 | eed:183F: | mapse830 | pseed:183F3F | es0) | apseed:183F3FC,
290__capture_2026-03-18T01-32-31-502Z.png,,NO_SEED_FOUND,6,False,False,Artifact: Ice | Cosmic Storm | Ancient Vault | Lava Epics | Legion Patrols | Few Ships,magseedCD8780 | ea: | mapsedD070 | seed:CDEB7 | s8 | apseed:CDEB71,
291__capture_2026-03-18T01-42-27-428Z.png,,NO_SEED_FOUND,7,False,False,Artifact: Healing | Haunted Storm | Ancient Vault | Lava Epics | Gloaming Expanse | Legion Patrols | Few Ships,magseed:54C70880 | •• | mapsed547880 | seed:54C7D8 | es618 | upseed:54C7D81,
292__capture_2026-03-18T02-02-30-731Z.png,,NO_SEED_FOUND,1,True,False,Dead Sensors,magpseedAF2990 | pea:AFS | mapseAF90 | seed:AF32 | es0 | apseed:AF329,
293__capture_2026-03-18T02-15-51-649Z.png,,NO_SEED_FOUND,5,False,False,Artifact: Weapon | Sandstorm | Dead Worlds | Legion Patrols | Few Ships,magseed1208280 | 0: | mapsee20280 | pseed:120823 | es8 | apseed:1208231,
295__capture_2026-03-18T03-09-18-502Z.png,,NO_SEED_FOUND,7,False,False,Artifact: Healing | Fast Gate | Sandstorm | Leech Swarms | Legion Patrols | Dead Worlds | Few Ships,magseedB5D580 | Ped:B5D | mapsed580 | pseed:B5D5F | ses | apseed:B5D5F,
296__capture_2026-03-18T03-39-49-347Z.png,3DD540,LENGTH_6_NOT_8,9,False,False,Artifact: Weapon | Ice Storm | Ancient Vault | Rogue Turrets | Legion Patrols | Lava Epics | Few Asteroids | Cryon Rift | Few Ships,mapseed:3DD540 | eed:3D8DD | se | maseedD8D40 | pseed:3D8DD5 | es40 | apseed:3D8DD5,
297__capture_2026-03-18T04-07-41-044Z.png,2800E80,LENGTH_7_NOT_8,5,False,False,Artifact: Ice | Cosmic Storm | Lava Epics | Legion Patrols | Few Ships,mapseed2800e80 | seed:24800 | mapsed0080 | 0seed:2A800E | eed0080 | apseed:2A800ES,
299__capture_2026-03-18T04-58-12-988Z__relinked_1.png,,NO_SEED_FOUND,7,False,False,Artifact: Weapon | Ice Storm | Leech Swarms | Rogue Turrets | Cryon Rift | Legion Patrols | Few Ships,magseed79e48680 | eed:79EA81 | mase0880 | upseed:79EA86 | ipseed:79EA86,DEATH'SDOOR | PRIVATEER
302__capture_2026-03-18T06-10-27-951Z.png,E159020,LENGTH_7_NOT_8,8,False,False,Artifact: Ice | Haunted Storm | Rogue Turrets | Easy Loot | Few Asteroids | Gloaming Expanse | Legion Patrols | Few Ships,mapseede159020 | eed:1F5F | mase1590 | seed:1F5F9C | ese8020 | apseed:1F5F90t,Alkaline | SOLOOUTLAW
304__capture_2026-03-18T06-55-29-270Z.png,3C48B040,,8,False,False,Artifact: Healing | Fast Gate | Haunted Storm | Leech Swarms | Lava Epics | Gloaming Expanse | Legion Patrols | Few Ships,mapseed3C48B040 | 44 | a:: | mosdS40 | pseed:3C44BO | 04 | • | upseed:3C44B,
305__capture_2026-03-18T07-15-11-748Z.png,,NO_SEED_FOUND,1,True,False,Dead Sensors,magseed:3DF4C0 | ed:3DBDFt | msdDDF4C0 | pseed:3DBDF44 | apseed:3DBDF44,
308__capture_2026-03-18T19-38-55-129Z.png,,NO_SEED_FOUND,8,False,False,Artifact: Weapon | Ice Storm | Rogue Turrets | Epic Loot | Lots Of Asteroids | Cryon Rift | Legion Patrols | Few Ships,magseed3B18EC0 | ped:3B1E8 | mased8sC0 | seed:3BIE8E | eseBe | apseed:3BIE8EC,ytballs
309__capture_2026-03-18T20-13-07-209Z.png,45400,LENGTH_5_NOT_8,8,False,False,Artifact: Weapon | Leech Swarms | Epic Loot | Legion Patrols | Low Altitude Fog | Lots Of Asteroids | Dead Worlds | Few Ships,mapseed45400 | oseed:42457 | )se | mapsed40 | seed:4245A | s240 | apseed:4245Ac,
311__capture_2026-03-18T20-37-44-865Z.png,,NO_SEED_FOUND,8,False,False,Artifact: Healing | Sandstorm | Rogue Turrets | Epic Loot | Few Asteroids | Dead Worlds | Legion Patrols | Few Ships,magseed124F400 | oseed:1F24FJ | mapsee24fe0 | pseed:1F24FA | s0 | apseed:1F24FA,ytballs
312__capture_2026-03-18T21-02-26-750Z.png,343E300,LENGTH_7_NOT_8,6,False,False,Artifact: Ice | Cosmic Storm | Ancient Vault | Legion Patrols | Lava Epics | Few Ships,mapseed343E300 | eed:34A3E | mosed:430 | seed:34A3E3 | e0 | apseed:34A3E3,SECRETHORSE | OUTLAW
313__capture_2026-03-18T21-47-55-808Z.png,,NO_SEED_FOUND,6,False,False,Artifact: Healing | Fast Gate | Low Altitude Fog | Gloaming Expanse | Legion Patrols | Few Ships,magpseed:687B08 | magsed:68708 | seed:6E87B | eel0) | apseed:6E87BI,
314__capture_2026-03-18T22-11-09-549Z.png,,NO_SEED_FOUND,8,False,False,Artifact: Ice | Ice Storm | Leech Swarms | Lava Epics | Lots Of Asteroids | Cryon Rift | Legion Patrols | Few Ships,magseed:6095680 | ed:6D0951 | mased60680 | seed:6D0956 | es8 | upseed:6D09561,ytballs
315__capture_2026-03-18T22-39-01-576Z.png,,NO_SEED_FOUND,6,False,False,Artifact: Ice | Haunted Storm | Legion Patrols | Low Altitude Fog | Gloaming Expanse | Few Ships,magseed791480 | eed:79B14 | mased781430 | seed:79B1431 | es980 | apseed:79B1431,talls
321__capture_2026-03-19T04-12-48-281Z.png,607C0880,,1,True,False,Dead Sensors,mapseed607C0880 | seed:607C( | mapse6080 | pseed:607C08: | ee8 | apseed:607C088,
322__capture_2026-03-19T04-29-44-852Z.png,6EFE80,LENGTH_6_NOT_8,10,False,False,Artifact: Weapon | Cosmic Storm | Ancient Vault | Leech Swarms | Rogue Turrets | Epic Loot | Legion Patrols | Low Altitude Fog | Lots Of Asteroids | Few Ships,mapseed:6EFE80 | eed:6EAF | magsed6AFe80 | seed:6EAFE | oee8 | apseed:6EAFeS | cYanmaowb,
323__capture_2026-03-19T04-56-54-344Z.png,,NO_SEED_FOUND,8,False,False,Artifact: Healing | Fast Gate | Ancient Vault | Leech Swarms | Low Altitude Fog | Lots Of Asteroids | Legion Patrols | Few Ships,magpseed7868F0 | mogsed8680 | seed:7B6BE | ege680 | apseed:7B6BEFC,
324__capture_2026-03-19T05-22-29-348Z.png,25464740,,5,False,False,Artifact: Healing | Lava Epics | Cryon Rift | Legion Patrols | Few Ships,mapseed25464740 | oseed:25A64 | mapseed2640 | ipseed:25A647 | ese640 | apseed:25A647,rtingPuppy
327__capture_2026-03-19T06-42-27-897Z.png,,NO_SEED_FOUND,10,False,False,Artifact: Ice | Ice Storm | Leech Swarms | Rogue Turrets | Lava Epics | Low Altitude Fog | Lots Of Asteroids | Cryon Rift | Legion Patrols | Few Ships,magpsee:726800 | seed:726830 | mased26800 | seed:726830 | 0 | apseed:726830,00Lasagne
359__capture_2026-03-20T04-29-59-700Z.png,,NO_SEED_FOUND,7,False,False,Artifact: Ice | Ice Storm | Ancient Vault | Low Altitude Fog | Cryon Rift | Legion Patrols | Few Ships,magseed:59510 | eed:5795 | mased59510 | seed:579531 | es50 | apseed:579531,
360__capture_2026-03-20T05-16-55-464Z.png,390C2940,,6,False,False,Artifact: Healing | Haunted Storm | Ancient Vault | Legion Patrols | Gloaming Expanse | Few Ships,mapseed390C2940 | seed:390C2 | mapse30240 | ipseed:390C29 | ose8040 | pseed:390C291,
381__capture_2026-03-20T23-19-09-398Z.png,687900,LENGTH_6_NOT_8,7,False,False,Artifact: Ice | Fast Gate | Haunted Storm | Lava Epics | Gloaming Expanse | Legion Patrols | Few Ships,mapseed687900 | seed:6B879 | mapse870 | pseed:6B879A | es080 | apseed:6B879A,AVERAGE | SOLOOUTLAW
385__capture_2026-03-21T03-09-57-291Z.png,,NO_SEED_FOUND,1,True,False,Dead Sensors,magseed:464FD80 | 18A | mapsd464FD80 | )seed:448AFDi | es488 | apseed:448AFDS,
386__capture_2026-03-21T03-43-47-211Z.png,,NO_SEED_FOUND,7,False,False,Artifact: Weapon | Leech Swarms | Rogue Turrets | Lava Epics | Few Asteroids | Legion Patrols | Few Ships,mgseed:CF3C780 | ed:1CF3 | mapseeC370 | pseed:1CF3C7 | sc8 | upseed:1CF3C7,
388__capture_2026-03-21T04-28-59-110Z.png,7810,LENGTH_4_NOT_8,8,False,False,Artifact: Weapon | Haunted Storm | Rogue Turrets | Legion Patrols | Lava Epics | Few Asteroids | Gloaming Expanse | Few Ships,mapseed7810 | magseee810 | seed:7831B1 | ee10 | apseed:7831B1,
389__capture_2026-03-21T04-52-07-481Z.png,40ECAF0,LENGTH_7_NOT_8,6,False,False,Artifact: Healing | Fast Gate | Epic Loot | Legion Patrols | Cryon Rift | Few Ships,mapseed40ECAF0 | seed:40ECAI | mopse0e0 | pseed:40ECAF | A | • | apseed:40ECAF,
390__capture_2026-03-21T05-16-19-640Z.png,,NO_SEED_FOUND,7,False,False,Artifact: Weapon | Cosmic Storm | Rogue Turrets | Lava Epics | Lots Of Asteroids | Legion Patrols | Few Ships,magseed682AC00 | d:6E82A | mapsd682C00 | seed:6E82AC | es8c0) | upseed:6E82AC,rkoPizza
403__capture_2026-03-22T04-11-24-998Z.png,,NO_SEED_FOUND,6,False,False,Artifact: Weapon | Cosmic Storm | Leech Swarms | Legion Patrols | Lots Of Asteroids | Few Ships,magseed328300 | ed:327t | mapsede2830 | seed:327B3F | es80) | apseed:327B3FC,
404__capture_2026-03-22T04-27-44-256Z.png,,NO_SEED_FOUND,1,True,False,Dead Sensors,mapsed:539EC600 | 20:59 | magse5960 | pseed:539EC6 | ee560 | upseed:539EC61,
405__capture_2026-03-22T04-55-55-208Z.png,690C8,LENGTH_5_NOT_8,7,False,False,Artifact: Ice | Rogue Turrets | Easy Loot | Few Asteroids | Cryon Rift | Legion Patrols | Few Ships,mapseed690C8 | eed:66900 | mapsd608 | seed:6690C | • | apseed:66900,SPOREBIOME | fartingPuppy
406__capture_2026-03-22T05-18-05-174Z.png,,NO_SEED_FOUND,6,False,False,Artifact: Weapon | Ice Storm | Ancient Vault | Cryon Rift | Legion Patrols | Few Ships,magseed7F2480 | masee7240 | pseed:TT7F24 | 48 | apseed:777F244,tingPuppy
409__capture_2026-03-22T06-35-20-761Z.png,265D1740,,1,True,False,Dead Sensors,mapseed265D1740 | beed:265D | mogsede2601740 | oseed:265D17 | eg040 | apseed:265D17,
410__capture_2026-03-22T06-52-48-089Z.png,,NO_SEED_FOUND,1,True,False,Dead Sensors,magpseed2833480 | •• | magsed28340 | seed:28334 | 0480 | apseed:28334,ideKraken
411__capture_2026-03-22T07-19-31-634Z.png,2C09C80,LENGTH_7_NOT_8,9,False,False,Artifact: Weapon | Ancient Vault | Leech Swarms | Rogue Turrets | Lava Epics | Low Altitude Fog | Few Asteroids | Legion Patrols | Few Ships,mapseed2C09C80 | eed:2ACO9C | mpsdAC080 | ipseed:2AC09C | mc | apseed:2AC09C,
412__capture_2026-03-22T07-34-56-514Z.png,,NO_SEED_FOUND,5,False,False,Artifact: Healing | Epic Loot | Cryon Rift | Legion Patrols | Few Ships,amapsee60o0 | ed:6B099 | mos6000 | )seed:6B0990 | apseed:6B0990,
421__capture_2026-03-22T23-08-02-899Z.png,,NO_SEED_FOUND,1,True,False,Dead Sensors,magpseed6217A00 | seed:62D17. | magsed62100 | seed:62D17A | 00 | apseed:62D17A,edurricane
437__capture_2026-03-23T05-06-51-745Z.png,830C10,LENGTH_6_NOT_8,7,False,False,Artifact: Weapon | Ice Storm | Leech Swarms | Legion Patrols | Lots Of Asteroids | Cryon Rift | Few Ships,mapseed:830C10 | eed:8830 | mased8010 | pseed:88300 | ee81s | upseed:8830C,00Lasagne
442__capture_2026-03-24T00-35-23-750Z.png,5904790,LENGTH_7_NOT_8,5,False,False,Artifact: Healing | Ice Storm | Cryon Rift | Legion Patrols | Few Ships,mapseed:5904790 | seed:59047 | magsd5000 | upseed:590479 | e00 | upseed:5904791,
444__capture_2026-03-24T01-44-03-969Z.png,2CBDC40,LENGTH_7_NOT_8,1,True,False,Dead Sensors,mapseed:2CBDC40 | )seed:2CBDCF | mapseed2BDC40 | upseed:2CBDCF | sC4c | apseed:2CBDCF,deKraken
445__capture_2026-03-24T02-10-10-328Z.png,C79010,LENGTH_6_NOT_8,7,False,False,Artifact: Weapon | Ice Storm | Ancient Vault | Easy Loot | Cryon Rift | Legion Patrols | Few Ships,"mapseed:C79010 | ea:CJ | mased7,9010 | seed:C7A9( | oe1 | apseed:C7A90",
446__capture_2026-03-24T02-29-00-977Z.png,,NO_SEED_FOUND,1,True,False,Dead Sensors,mapsee:542A7300 | seed:542A7: | magsed52470 | upseed:542A73 | e210 | upseed:542A73,odeKraken
447__capture_2026-03-24T02-48-52-518Z.png,,NO_SEED_FOUND,10,False,False,Artifact: Ice | Haunted Storm | Ancient Vault | Leech Swarms | Rogue Turrets | Legion Patrols | Lava Epics | Lots Of Asteroids | Gloaming Expanse | Few Ships,magpseed10C979a0 | seed:10C97 | mapsed090 | seed:10C979. | s0) | apseed:10C979.,
448__capture_2026-03-24T03-21-07-088Z.png,,NO_SEED_FOUND,8,False,False,Artifact: Weapon | Ice Storm | Ancient Vault | Leech Swarms | Lava Epics | Lots Of Asteroids | Cryon Rift | Legion Patrols,MEREMAIINOT.see:39CC1040 | TIMEREMAINING59:2d3C040 | TIMEREMAINING9:2 | 9:2 | EREMAININ | pseed:39CC1,OFCORPSENOT | OUTLAW | GHOULISHGOULASH | SOLOOUTLAW
449__capture_2026-03-24T03-56-04-425Z.png,3908C0,LENGTH_6_NOT_8,7,False,False,Artifact: Weapon | Sandstorm | Leech Swarms | Rogue Turrets | Dead Worlds | Legion Patrols | Few Ships,mapseed3908C0 | eed:390B8 | mapse3980 | ipseed:390B8C | ese) | apseed:390B8C,
450__capture_2026-03-24T04-17-44-983Z.png,,NO_SEED_FOUND,1,True,False,Dead Sensors,magpsee195200 | seed:195B24 | mosed195840 | seed:195B244 | e80) | apseed:195B240,odeKraken
467__capture_2026-03-25T00-59-16-383Z.png,C65010,LENGTH_6_NOT_8,8,False,False,Artifact: Ice | Ancient Vault | Rogue Turrets | Legion Patrols | Low Altitude Fog | Lots Of Asteroids | Gloaming Expanse | Few Ships,mapseed:C65010 | eed:C605 | mapsed605010 | seed:C605C | osel) | apseed:C6050,
468__capture_2026-03-25T01-33-27-478Z.png,846700,LENGTH_6_NOT_8,8,False,False,Artifact: Ice | Sandstorm | Rogue Turrets | Epic Loot | Few Asteroids | Dead Worlds | Legion Patrols | Few Ships,mapseed846700 | ed:0 | magsed8460 | seed:8E467 | eel60 | apseed:8E467,
471__capture_2026-03-25T05-07-09-945Z.png,,NO_SEED_FOUND,6,False,False,Artifact: Healing | Rogue Turrets | Legion Patrols | Lava Epics | Few Asteroids | Few Ships,magsed:6BFD2300 | ed:6BFD | mase820 | beed:6BFD23 | e00) | upseed:6BFD23,
472__capture_2026-03-25T16-37-28-538Z.png,,NO_SEED_FOUND,5,False,False,Artifact: Weapon | Sandstorm | Dead Worlds | Legion Patrols | Few Ships,magpseed5CDB8D00 | d:5 | Dt | msedCD8D00 | seed:5CDB8D | eso | upseed:5CDB8DC,
473__capture_2026-03-25T17-01-31-736Z.png,,NO_SEED_FOUND,8,False,False,Artifact: Healing | Fast Gate | Haunted Storm | Easy Loot | Low Altitude Fog | Gloaming Expanse | Legion Patrols | Few Ships,mapsee:438810 | ped:43E8 | mased480 | seed:43E881 | es0 | apseed:43E881K,
474__capture_2026-03-25T17-20-16-505Z.png,740C5480,,8,False,False,Artifact: Healing | Ancient Vault | Leech Swarms | Rogue Turrets | Legion Patrols | Lava Epics | Lots Of Asteroids | Few Ships,mapseed740C5480 | seed:740C5 | mapsed40540 | ipseed:740C54 | ese040 | apseed:740C544,
475__capture_2026-03-25T17-53-01-944Z.png,,NO_SEED_FOUND,6,False,False,Artifact: Weapon | Ice Storm | Leech Swarms | Legion Patrols | Cryon Rift | Few Ships,mgseed:938C610 | eed:93BC | mased9810 | oseed:93BCC | ee961 | upseed:93BC6,
476__capture_2026-03-25T18-11-57-982Z.png,,NO_SEED_FOUND,8,False,False,Artifact: Healing | Leech Swarms | Rogue Turrets | Epic Loot | Few Asteroids | Dead Worlds | Legion Patrols | Few Ships,magsed:270900 | ed:27Cl | se00 | pseed:27CBF9 | 0 | pseed:27CBF,BADTIN | SOLOOUTLAW | JUGGERNAUT | PosbYac
478__capture_2026-03-25T18-40-16-654Z.png,,NO_SEED_FOUND,6,False,False,Artifact: Weapon | Rogue Turrets | Lava Epics | Few Asteroids | Legion Patrols | Few Ships,magpseedCDA5D00 | red:7CDA5C | msed7CD00 | seed:7CDA5D | sD0 | upseed:7CDA5D,
479__capture_2026-03-25T19-09-28-145Z.png,,NO_SEED_FOUND,6,False,False,Artifact: Healing | Leech Swarms | Lava Epics | Dead Worlds | Legion Patrols | Few Ships,magseed7055780 | a: | magsee7570 | pseed:7C955 | ee98 | upseed:7C9557,
480__capture_2026-03-25T19-44-42-796Z.png,2DA78BC0,,9,False,False,Artifact: Ice | Haunted Storm | Ancient Vault | Rogue Turrets | Lava Epics | Lots Of Asteroids | Gloaming Expanse | Legion Patrols | Few Ships,mapseed:2DA78BC0 | oseed:2DA781 | mapsedD78C0 | pseed:2DA78B | esede8Co | apseed:2DA78BC,
482__capture_2026-03-25T23-16-03-638Z.png,,NO_SEED_FOUND,2,True,False,Dead Sensors | Ancient Vault,mapsed:4808980 | d: | 4560 | mase48080 | pseed:438089 | pseed:43808,EXPLORER | Amberelocke | OBELISK
484__capture_2026-03-25T23-28-18-486Z.png,,NO_SEED_FOUND,1,True,False,Dead Sensors,magpsee:539280 | ed:539t | mosed59120 | seed:539E23 | e38 | apseed:539E231,
485__capture_2026-03-26T00-05-26-433Z.png,5472FD00,,9,False,False,Artifact: Ice | Fast Gate | Sandstorm | Rogue Turrets | Epic Loot | Few Asteroids | Dead Worlds | Legion Patrols | Few Ships,mapseed5472FD00 | )seed:5A72Fl | mapsd57200 | pseed:5A72FD | e0 | apseed:5A72FD,
486__capture_2026-03-26T00-23-22-280Z.png,,NO_SEED_FOUND,8,False,False,Artifact: Ice | Fast Gate | Ice Storm | Ancient Vault | Lava Epics | Cryon Rift | Legion Patrols | Few Ships,mapsee:4CBF0380 | ed:4CBFC | mapsee48030 | pseed:4CBFO3 | e) | upseed:4CBFO31,iberelocke
487__capture_2026-03-26T03-21-37-161Z.png,49600,LENGTH_5_NOT_8,7,False,False,Artifact: Ice | Sandstorm | Rogue Turrets | Legion Patrols | Lots Of Asteroids | Dead Worlds | Few Ships,mapseed49600 | 42A9 | mapsd42960 | seed:442A96 | mes42860) | upseed:442A96,
488__capture_2026-03-26T04-14-53-953Z.png,,NO_SEED_FOUND,8,False,False,Artifact: Ice | Fast Gate | Sandstorm | Ancient Vault | Legion Patrols | Lava Epics | Dead Worlds | Few Ships,magpseed4CDA00 | eed:404CDs | mpsd4D0 | pseed:404CDA | •• | apseed:404CDA,
491__capture_2026-03-26T22-33-58-626Z.png,0829D00,LENGTH_7_NOT_8,10,False,False,Artifact: Healing | Sandstorm | Ancient Vault | Leech Swarms | Lava Epics | Low Altitude Fog | Lots Of Asteroids | Dead Worlds | Legion Patrols | Few Ships,mapseed0829D00 | d:: | 062 | masd0 | • | MEREMAINING55:100 | pseed:50829D,YOURRYEMAN | SOLOOUTLAW | EXPLPRER | DarkOPizza
492__capture_2026-03-26T22-48-36-656Z.png,,NO_SEED_FOUND,7,False,False,Artifact: Weapon | Ancient Vault | Rogue Turrets | Low Altitude Fog | Few Asteroids | Legion Patrols | Few Ships,magseed726BA780 | a: | magsee726870 | upseed:726BA7 | mee61780 | upseed:726BA7,
495__capture_2026-03-27T00-06-35-033Z.png,3216E80,LENGTH_7_NOT_8,6,False,False,Artifact: Ice | Cosmic Storm | Ancient Vault | Legion Patrols | Lava Epics | Few Ships,mapseed:3216e80 | oseed:3A2161 | mapseed216e80 | pseed:3A216E | s21680 | upseed:3A216E,
496__capture_2026-03-27T00-32-12-183Z.png,623940,LENGTH_6_NOT_8,7,False,False,Artifact: Healing | Ice Storm | Leech Swarms | Lava Epics | Cryon Rift | Legion Patrols | Few Ships,mapseed623940 | seed:62394 | mapse2340 | ipseed:62394A | e240 | apseed:62394Ac,TUSTIN | SOLOOUTLAW
497__capture_2026-03-27T01-02-19-268Z.png,ECBC0,LENGTH_5_NOT_8,7,False,False,Artifact: Weapon | Ice Storm | Rogue Turrets | Lots Of Asteroids | Cryon Rift | Legion Patrols | Few Ships,mapseed:ECBC0 | sea:EC | masedCBC10 | seed:ECFB | meecCis | pseed:ECFBC,
499__capture_2026-03-27T01-51-49-247Z.png,169802,LENGTH_6_NOT_8,9,False,False,Artifact: Weapon | Haunted Storm | Ancient Vault | Rogue Turrets | Low Altitude Fog | Few Asteroids | Gloaming Expanse | Legion Patrols | Few Ships,mapseed169802 | pea:16C | mapsed6902 | seed:16C981 | ose680) | apseed:16C98C,
501__capture_2026-03-27T06-32-01-987Z.png,232DC4C0,,8,False,False,Artifact: Healing | Fast Gate | Haunted Storm | Ancient Vault | Lava Epics | Gloaming Expanse | Legion Patrols | Few Ships,mapseed232DC4C0 | oseed:232DCL | mapsee2C40 | ipseed:232DC4 | s2cCco | apseed:232DC4C,
502__capture_2026-03-27T06-56-10-012Z.png,,NO_SEED_FOUND,9,False,False,Artifact: Ice | Cosmic Storm | Leech Swarms | Rogue Turrets | Epic Loot | Low Altitude Fog | Lots Of Asteroids | Legion Patrols | Few Ships,magseed:485D00 | eed:4A8F50 | mapsd:48500 | seed:4A8F5D | as400 | apseed:4A8F5D,
504__capture_2026-03-27T08-42-42-579Z.png,,NO_SEED_FOUND,6,False,False,Artifact: Weapon | Cosmic Storm | Leech Swarms | Legion Patrols | Lots Of Asteroids | Few Ships,magpsee2598680 | )seed:2EE9B | magsed208660 | seed:2EE9B6 | e8680 | apseed:2EE9B61,
513__capture_2026-03-28T06-06-02-546Z.png,80E80,LENGTH_5_NOT_8,7,False,False,Artifact: Ice | Sandstorm | Rogue Turrets | Few Asteroids | Dead Worlds | Legion Patrols | Few Ships,magseed148080 | pseed:1EA8OF | mapseed80e80 | pseed:1EA8OF | sses | apseed:1EA8OFI,
514__capture_2026-03-28T06-37-45-178Z.png,16C8C20,LENGTH_7_NOT_8,1,True,False,Dead Sensors,mapseed16C8C20 | seed:16DC8( | mopse6C20 | pseed:16DC8C | ee600) | apseed:16DC8C:,
515__capture_2026-03-28T07-11-19-435Z.png,,NO_SEED_FOUND,9,False,False,Artifact: Weapon | Fast Gate | Sandstorm | Rogue Turrets | Low Altitude Fog | Few Asteroids | Dead Worlds | Legion Patrols | Few Ships,magseed1046480 | eed:104C6 | mapsee146480 | upseed:104C6Ai | mee06a8 | upseed:104C6Ai,
516__capture_2026-03-28T07-51-58-453Z.png,,NO_SEED_FOUND,7,False,False,Artifact: Healing | Sandstorm | Ancient Vault | Easy Loot | Dead Worlds | Legion Patrols | Few Ships,magsee:3946580 | a: | magsed34680 | pseed:394465 | ee460 | apseed:3944651,
518__capture_2026-03-28T19-54-12-751Z.png,7300,LENGTH_4_NOT_8,6,False,False,Artifact: Weapon | Ancient Vault | Leech Swarms | Lots Of Asteroids | Legion Patrols | Few Ships,mapseed:7300 | eea:As | magsede300 | seed:A73E3 | ee0 | upseed:A73E3,
519__capture_2026-03-28T20-26-35-408Z.png,,NO_SEED_FOUND,7,False,False,Artifact: Ice | Cosmic Storm | Rogue Turrets | Low Altitude Fog | Few Asteroids | Legion Patrols | Few Ships,magseed26D0 | seed:22C6ED | msed26e00 | seed:22C6ED | e200 | apseed:22C6EDC,
523__capture_2026-03-28T21-28-28-548Z.png,,NO_SEED_FOUND,4,False,False,Artifact: Ice | Lava Epics | Legion Patrols | Few Ships,magseedE7DCB80 | mapsedEDB80 | seed:E7DCB | sD8) | apseed:E7DCBJ,
524__capture_2026-03-28T21-51-11-665Z.png,,NO_SEED_FOUND,6,False,False,Artifact: Weapon | Sandstorm | Legion Patrols | Lava Epics | Dead Worlds | Few Ships,mseed200 | ea:12 | maseg1700 | seed:127D7( | 10 | apseed:127D700,
526__capture_2026-03-28T22-55-18-571Z.png,,NO_SEED_FOUND,5,False,False,Artifact: Weapon | Low Altitude Fog | Gloaming Expanse | Legion Patrols | Few Ships,magseedC0e120 | eed:1COEI | mapseE20 | pseed:1COEEI | es) | apseed:1COEE1:,KEPLER'SWISH | OUTLAW
530__capture_2026-03-29T01-14-23-682Z.png,61480,LENGTH_5_NOT_8,7,False,False,Artifact: Weapon | Haunted Storm | Ancient Vault | Lava Epics | Gloaming Expanse | Legion Patrols | Few Ships,mapseed61480 | ed:614F1 | mapsed140 | seed:614F43 | s8 | apseed:614F431,
531__capture_2026-03-29T01-48-32-137Z.png,,NO_SEED_FOUND,6,False,False,Artifact: Ice | Rogue Turrets | Legion Patrols | Few Asteroids | Dead Worlds | Few Ships,maseed27C60 | d:: | mase200 | pseed:27ECC6 | ese60 | apseed:27ECC61,
536__capture_2026-03-29T03-58-06-851Z.png,,NO_SEED_FOUND,7,False,False,Artifact: Weapon | Rogue Turrets | Easy Loot | Legion Patrols | Lots Of Asteroids | Cryon Rift | Few Ships,magseed71070 | mapse70 | seed:71C70 | 0 | apseed:711C70X,berelocke
537__capture_2026-03-29T04-22-06-871Z.png,168140,LENGTH_6_NOT_8,6,False,False,Artifact: Ice | Leech Swarms | Lots Of Asteroids | Gloaming Expanse | Legion Patrols | Few Ships,mapseed168140 | magsed316140 | seed:31F6B1 | mee6104 | apseed:31F6B1,
538__capture_2026-03-29T04-54-17-245Z.png,354800,LENGTH_6_NOT_8,1,True,False,Dead Sensors,mapseed354800 | ed:3F548 | mosed8540 | seed:3F5483 | ee60 | apseed:3F5483,mberelocke
539__capture_2026-03-29T05-19-45-277Z.png,,NO_SEED_FOUND,8,False,False,Artifact: Healing | Haunted Storm | Leech Swarms | Rogue Turrets | Few Asteroids | Gloaming Expanse | Legion Patrols | Few Ships,magpseed92AC10 | eed:B92A | mosd92AC10 | pseed:B92AC | oe | apseed:B92A,
541__capture_2026-03-29T05-54-21-198Z.png,,NO_SEED_FOUND,6,False,False,Artifact: Ice | Sandstorm | Ancient Vault | Dead Worlds | Legion Patrols | Few Ships,magseed3203380 | Ped:3E20 | masede32030 | pseed:3E2033 | cYanmaGlowb | apseed:3E2033,DRILLSTATION
544__capture_2026-03-29T21-04-53-651Z.png,,NO_SEED_FOUND,7,False,False,Artifact: Healing | Leech Swarms | Lava Epics | Lots Of Asteroids | Cryon Rift | Legion Patrols | Few Ships,magpseed1096420 | oseed:1A0964 | mased06420 | seed:1A0964 | s0420 | apseed:1A0964:,iberelocke
546__capture_2026-03-29T22-03-33-779Z.png,704E480,LENGTH_7_NOT_8,5,False,False,Artifact: Ice | Haunted Storm | Gloaming Expanse | Legion Patrols | Few Ships,mapseed704E480 | pseed:704AEA | mapsed7480 | pseed:704AEAj | mese048 | apseed:704AEAi,
549__capture_2026-03-29T23-31-16-007Z.png,3D36C40,LENGTH_7_NOT_8,7,False,False,Artifact: Weapon | Ice Storm | Ancient Vault | Epic Loot | Cryon Rift | Legion Patrols | Few Ships,mapseed3D36C40 | ed:3DB3 | magsed83640 | pseed:3DB36C | mese64) | apseed:3DB36C,peixepimentel
551__capture_2026-03-30T02-59-18-803Z.png,,NO_SEED_FOUND,1,True,False,Dead Sensors,magseed:5C00280 | mapsed80020 | seed:5BC003 | ese28 | upseed:5BC002),
553__capture_2026-03-30T03-41-22-891Z.png,450D00,LENGTH_6_NOT_8,4,False,False,Artifact: Weapon | Cosmic Storm | Legion Patrols | Few Ships,mapseed450D00 | ed:4A5AOI | mapsed4000 | pseed:4A5AOD | s400 | upseed:4A5A0De,
70__capture_2026-02-11T06-09-33-082Z.png,,NO_SEED_FOUND,7,False,False,Artifact: Weapon | Ice Storm | Ancient Vault | Easy Loot | Cryon Rift | Legion Patrols | Few Ships,magpseed68410 | seed:6C841 | mased6840 | seed:6C8441 | 0 | apseed:6C8441,1egPuppy
72__capture_2026-02-13T06-15-14-344Z.png,,NO_SEED_FOUND,10,False,False,Artifact: Healing | Haunted Storm | Ancient Vault | Rogue Turrets | Easy Loot | Legion Patrols | Low Altitude Fog | Lots Of Asteroids | Gloaming Expanse | Few Ships,magsee:626980 | eed:682F6 | mase860 | upseed:682F69 | e8 | upseed:682F691,
74__capture_2026-02-14T21-27-17-836Z.png,,NO_SEED_FOUND,6,False,False,Artifact: Weapon | Ancient Vault | Lava Epics | Gloaming Expanse | Legion Patrols | Few Ships,magseed518780 | seed:51B | magseed180 | ipseed:5mB7 | e8 | apseed:5mB71,blinatty | mare84
77__capture_2026-02-14T23-04-50-618Z.png,,NO_SEED_FOUND,1,True,False,Dead Sensors,magseed2878C04 | pea:: | magse27804 | ipseed:2B7BC | s04) | apseed:2B7BC,
85__capture_2026-02-16T04-35-08-493Z.png,,NO_SEED_FOUND,5,False,False,Artifact: Healing | Cosmic Storm | Easy Loot | Legion Patrols | Few Ships,magpseed5768 | e4 | mapsee5768 | pseed:5276B | egse8 | apseed:5276Bi,artinguppy
86__capture_2026-02-16T05-01-22-170Z.png,,NO_SEED_FOUND,6,False,False,Artifact: Healing | Haunted Storm | Leech Swarms | Gloaming Expanse | Legion Patrols | Few Ships,magseed13837420 | seed:13837 | magsed137420 | ipseed:138374 | es8320 | apseed:138374:,
89__capture_2026-02-16T06-35-01-454Z.png,,NO_SEED_FOUND,8,False,False,Artifact: Ice | Fast Gate | Ice Storm | Leech Swarms | Legion Patrols | Lots Of Asteroids | Cryon Rift | Few Ships,magseed7C8E0880 | eed:7C8E0 | magseed708080 | upseed:7C8EOB | e) | apseed:7C8EOB:,
91__capture_2026-02-16T17-31-45-812Z.png,64AD00,LENGTH_6_NOT_8,1,True,False,Dead Sensors,mapseed64AD00 | )seed:6F4AAC | mapse64400 | pseed:6F4AAD | sADY | apseed:6F4AAD,
93__capture_2026-02-16T18-24-10-525Z.png,,NO_SEED_FOUND,1,True,False,Dead Sensors,magseed71700 | 901 | mase9100 | pseed:791730 | s0 | apseed:791730,leWhiteFo639
95__capture_2026-02-16T22-50-26-720Z.png,,NO_SEED_FOUND,9,False,False,Artifact: Ice | Sandstorm | Leech Swarms | Rogue Turrets | Lava Epics | Few Asteroids | Dead Worlds | Legion Patrols | Few Ships,magpseed6BAFIC80 | seed:6BAFIC | masede6BFiC0 | seed:6BAFIC | sAe | apseed:6BAFICI | cw,BricksParts
wg10.png,,NO_SEED_FOUND,8,False,True,Artifact: Ice | Cosmic Storm | Ancient Vault | Rogue Turrets | Legion Patrols | Lava Epics | Low Altitude Fog | Few Asteroids,EREMANNG45:2643 | TMEREMANN45:26 | 32 | Meremain | TMEREMANG45:26 | ieeemu | 32 | ieremaii,MiShRa
wg101.png,,NO_SEED_FOUND,4,False,True,Artifact: Weapon | Legion Patrols | Low Altitude Fog | Cryon Rift,IMEREMAINING7: | TIMEREMAINING57:55 | TIMEREMAINING57:55 | 7:5 | REMAIN,Dogepus | ARTIEACT
wg104.png,,NO_SEED_FOUND,8,False,True,Sandstorm | Ancient Vault | Leech Swarms | Rogue Turrets | Few Asteroids | Dead Worlds | Legion Patrols | Few Ships,MEREMANNOmapsed:4655800 | 7•• | TMEREMAINING59:506500 | TIMEREMAINING59:5 | 9:5 | EREMAININ | seed:46535,
wg105.png,,NO_SEED_FOUND,6,False,True,Artifact: Weapon | Lava Epics | Low Altitude Fog | Cryon Rift | Legion Patrols | Few Ships,INENEMANOmpsee288 | TMEREMAINING57:1572878 | TIMEREMAINING57:18 | 7:1 | EMAIN,
wg106.png,,NO_SEED_FOUND,1,True,True,Dead Sensors,MEREMANOmapsee66280 | 7•• | TMEREMAINING57:06620 | TIMEREMAINING5:0 | 7:0 | EREMAININ | cYatYeo | seed:66b6r,
wg109.JPG,,NO_SEED_FOUND,1,True,True,Dead Sensors,MAININ: | TIMEREMANING9:51 | s | oseed:5761D | MREMANNG9:5 | DGA | pseed:5761D0,
wg111.JPG,,NO_SEED_FOUND,8,False,True,Artifact: Healing | Haunted Storm | Rogue Turrets | Lava Epics | Few Asteroids | Gloaming Expanse | Legion Patrols | Few Ships,MEMAINNG:1 | TIMEREMANING9:51 | RKa | REMA | pseed:397EF | TIMEREMANNG9:5 | DGA | apseed:397EFC,
wg12.png,,NO_SEED_FOUND,1,True,True,Dead Sensors,ekemmpseed304 | 7•• | TIMEREMANING59:30 | TIMEREANIN: | Meremaining59 | 9:3 | Red:,
wg14.png,,NO_SEED_FOUND,8,False,True,Artifact: Ice | Fast Gate | Leech Swarms | Rogue Turrets | Epic Loot | Lots Of Asteroids | Dead Worlds | Legion Patrols,ErEMaIiNiNG59:49 | TiMEREMANNG59:49 | Meremain | •.0 | TIMEEMANNGEOU59:49 | DGa1 | ESOURCI | 8 | rema,MiShRa
wg16.png,,NO_SEED_FOUND,4,False,True,Artifact: Ice | Ancient Vault | Legion Patrols | Dead Worlds,MEKEMANNOmapsee:768BCB80 | TIMEREMAINING59:046BCB80 | TIMEREMAINING59:0 | 9:0 | EREMAINI | seec:so,Old[SUS]ManJenkin
wg17.png,,NO_SEED_FOUND,1,True,True,Dead Sensors,MEREMAnOmagee0 | ••• | TMEREMAINING58:031021840 | TIMEREMAINING58:02 | 8:0 | EREMAININ | 0seed:1D218,ToukaKirishima
wg18.png,2346A0C0,SUBST(2346A0CO->2346A0C0),6,False,True,Artifact: Healing | Fast Gate | Leech Swarms | Rogue Turrets | Cryon Rift | Legion Patrols,LREMAiNiNGmapseed2346A0Co | TIMEMAINING59:46AC0 | EREMAINI | 9:4 | e | TIMEREMAINING59:43C | 9:4 | apseed:2346A0,Old[SUS]ManJenkin
wg19.png,5536C00,LENGTH_7_NOT_8 | SUBST(5536CO0->5536C00),7,False,True,Artifact: Ice | Leech Swarms | Legion Patrols | Lava Epics | Low Altitude Fog | Lots Of Asteroids | Gloaming Expanse,REMAiNiNGmapseed5536CO0 | TIEMAINING9:2036C0 | 9:2 | REMAIN | owb | seed:55: | TIEEMAINING59:20 | 9:2 | pseed:55316,Harue
wg2.png,,NO_SEED_FOUND,8,False,True,Artifact: Healing | Sandstorm | Ancient Vault | Leech Swarms | Rogue Turrets | Low Altitude Fog | Few Asteroids | Legion Patrols,mopseed8763840 | TMEREMANING55:5276340 | TIMREMAINING55:520 | 3 | Meremainio | pseed28763,AlGeneratedCheetah
wg20.png,531958,LENGTH_6_NOT_8,8,False,True,Artifact: Weapon | Sandstorm | Rogue Turrets | Lava Epics | Low Altitude Fog | Lots Of Asteroids | Dead Worlds | Legion Patrols,REMAINiNGmapseed531958 | TIMEEMAINING59:5331958 | 9:5 | seed:53 | TiMERMAINING5953 | 9:5 | ipseed:5319,ChineseShipDefende
wg22.png,,NO_SEED_FOUND,1,True,True,Dead Sensors,MEREMANOmagsed:39DCO | 7•• | TMEREMAINING59:36859DCO | TIMEREMAINING59:3 | 9:3 | EREMAININ | seed:3B591,Zayano
wg23.png,,NO_SEED_FOUND,6,False,True,Artifact: Healing | Rogue Turrets | Epic Loot | Few Asteroids | Cryon Rift | Legion Patrols,—sed991 | moseed2900 | seed:729D | ReANmngs2010 | •:3 | seed:729D91,alxndr008 | SPECIÁLLOOT
wg25.png,,NO_SEED_FOUND,7,False,True,Artifact: Ice | Ice Storm | Leech Swarms | Legion Patrols | Lava Epics | Lots Of Asteroids | Cryon Rift,d4 | mopseed75000 | eed:7F74 | eRMANmogs740 | seed:7F74D5,alxndr008
wg27.png,,NO_SEED_FOUND,6,False,True,Artifact: Weapon | Sandstorm | Leech Swarms | Legion Patrols | Low Altitude Fog | Dead Worlds,s656 | mopseed508 | oseed:563CI | Rmogs08 | seed:563CBa,OjuanBird | SPECIÁLLOOT
wg29.png,,NO_SEED_FOUND,5,False,True,Artifact: Healing | Cosmic Storm | Easy Loot | Low Altitude Fog | Legion Patrols,VLRLMANINGmaseedICDIACO | TMEREMAINING59:51CDACO | TIMEREMAINN59:51 | 9:5 | seed:3F,jangomango123 | ARTIEACT
wg31.png,,NO_SEED_FOUND,1,True,True,Dead Sensors,IMEREMAINING5S:Sd23EC | ••• | TIMEREMAINING53:3 | TIMEREMAINING5: | 3:3 | EREMAINING | cYnaGYe | apseed:2:,jangomango123
wg33.png,,NO_SEED_FOUND,5,False,True,Artifact: Ice | Cosmic Storm | Ancient Vault | Lava Epics | Legion Patrols,VLRLMAlNIiNmasee:B670 | TMEEMAINING9:5.42670 | TIMEREMAINNG59:51 | 9:5 | 0seed:42,jangomango123 | ARTIEACT
wg36.png,,NO_SEED_FOUND,1,True,True,Dead Sensors,seeddecrte:73ECA50 | eddecarte:73ECA5 | seddoat:3C50 | eddecarte:73ECA5 | d. | eddecarte:73ECA5,ChineseShipDefende | TRÉSORSPÉCIAL | ARTEFACT
wg37.png,,NO_SEED_FOUND,1,True,True,Dead Sensors,WLDGaTEClipRESOCF1 | DGATEOU,
wg38.jpg,,NO_SEED_FOUND,2,False,True,Artifact: Healing | Sandstorm,ndcor:S2A1Y0 | cYanmamMntYo | eddecarke:324759: | amY | eddecarke:32a759,lanceiwami | TOURELLESPIRATES | CHAMPSDELAVE | NOMBREUXASTÉROIDES | TERRESMORTES
wg40.JPG,,NO_SEED_FOUND,6,False,True,Artifact: Healing | Haunted Storm | Ancient Vault | Legion Patrols | Lava Epics | Gloaming Expanse,RLMAlNiNGmapsee:538A680 | seed:53BA6 | TIMEREMAINING59:523A680 | MEREMAININ | C | pseed:53BA6 | TIMEREMAINING59:52 | 9:5 | EREMAININ | apseed:53BA66,frothymug
wg41.png,,NO_SEED_FOUND,9,False,True,Artifact: Healing | Ice Storm | Ancient Vault | Leech Swarms | Rogue Turrets | Epic Loot | Low Altitude Fog | Cryon Rift | Legion Patrols,ceaiNiNmseedD100 | TMAIN59:2A10 | 982 | TIEREMAINING59:25 | 982,DokmyWok
wg43.png,3CB804,LENGTH_6_NOT_8,1,True,True,Dead Sensors,MEREMANOmapseed:3CB804 | ••• | TMEREMAINING50:30:3ICB04 | TIMEREMANING50:3 | O:3 | EREMAININ | ••,Blu3_L3af
wg45.png,1F00420,LENGTH_7_NOT_8 | SUBST(1FO0420->1F00420),7,False,True,Artifact: Healing | Sandstorm | Ancient Vault | Leech Swarms | Lava Epics | Dead Worlds | Legion Patrols,REMAiNINGmapseed:1FO0420 | TMAINING59:510.40 | 9:5 | ow | seed: | TIEEMAINING59:512 | 9:5 | 0seed:18F(,TheF16
wg50.png,,NO_SEED_FOUND,9,False,True,Artifact: Weapon | Fast Gate | Ancient Vault | Leech Swarms | Lava Epics | Low Altitude Fog | Lots Of Asteroids | Gloaming Expanse | Legion Patrols,REMAININ59:29 | )• | TIMREMAINI: | 9:2 | TIMEREMANINGRESOURG59:29 | DGA | SOURCI | 9:2,frothymug
wg52.JPG,6C48700,LENGTH_7_NOT_8,6,False,True,Artifact: Weapon | Ice Storm | Leech Swarms | Epic Loot | Legion Patrols | Cryon Rift,RLMAlNiNmapseed:6C48700 | seed:6C4877 | TIMEREMAINING59:24770 | MEREMAININ | pseed:6C4877 | TIMEREMAINING59:24 | 9·2 | EREMAININ | apseed:6C4877,River.Banks
wg54.png,,NO_SEED_FOUND,5,False,True,Artifact: Weapon | Legion Patrols | Low Altitude Fog | Dead Worlds | Few Ships,MEREMANNO4magpsed:16080 | TMEREMAINING4O:5761600 | TIMEREMAINING40: | 0:5 | EREMAININ | seed:61,
wg56.png,,NO_SEED_FOUND,6,False,True,Artifact: Weapon | Ice Storm | Leech Swarms | Lots Of Asteroids | Cryon Rift | Legion Patrols,LRLMAnNiNmasee60200 | TIN:4400 | EREMAINI | : | TIMEREMAINING59:44 | • | )• | :L | seec:6,G4Zy
wg59.png,510380,LENGTH_6_NOT_8,4,False,True,Artifact: Weapon | Ice Storm | Cryon Rift | Legion Patrols,MEREMANINOmapseed:510380 | —•• | TIMEREMAINING59:421030 | 7• | TIMEREMAINING59:42 | 9:4 | EREMAINI | seed:5F1,soZedante
wg6.png,,NO_SEED_FOUND,4,False,True,Artifact: Ice | Legion Patrols | Lava Epics | Low Altitude Fog,IMEREMAINING56:5 | TIMEREMAINING56:59 | 6: | TMEREMAINING56:9 | 6:5 | REMAININ,itamare84
wg62.png,,NO_SEED_FOUND,3,False,True,Artifact: Healing | Sandstorm | Ancient Vault,EMTOREOTANseeddecare:5298C680 | J• | Idecarte:5 | TEMPSRES1AN159:4629C680 | eddecarte:52 | TEMPSRESTANT59:4 | :)• | $2 | eddecarte:5298C8,PATROUILLESDELALÉGION | CHAMPSDELAVE | TERRESMORTES | QUELQUESVAISSEAUX | TRÉSORSPÉCIAL
wg64.JPG,,NO_SEED_FOUND,8,False,True,Ancient Vault | Rogue Turrets | Easy Loot | Legion Patrols | Low Altitude Fog | Few Asteroids | Gloaming Expanse | Few Ships,MEREMAmapsed:E0C5480 | • | seed:6EOC | MEREMAINING59:520C5480 | ipseed:6EOC54 | TIMEREMAINING9:2 | 9:5 | REMAININ | apseed:6EOC54,
wg65.JPG,,NO_SEED_FOUND,6,False,True,Artifact: Weapon | Rogue Turrets | Few Asteroids | Gloaming Expanse | Legion Patrols | Few Ships,MEREMAnOmapsed:5017400 | Z•T | : | pseed:501741 | 1MEREMAINING59:4501400 | pseed:501741 | TIMEREMAINING9:4 | 9:4 | REMAININ | apseed:50174E,
wg66.png,259C780,LENGTH_7_NOT_8,8,False,True,Ice Storm | Ancient Vault | Leech Swarms | Rogue Turrets | Legion Patrols | Few Asteroids | Cryon Rift | Few Ships,MEREMANNOmapseed259C780 | 7•• | TMEREMAINING59:357259C780 | TIMEREMAINING59:3 | 9:3 | EREMAININ | seee:sp,
wg69.png,42CE180,LENGTH_7_NOT_8,8,False,True,Cosmic Storm | Ancient Vault | Leech Swarms | Lava Epics | Low Altitude Fog | Lots Of Asteroids | Legion Patrols | Few Ships,MEREMANNNOmapseed:42CE180 | 7•• | TMEREMAINING59:53426CE180 | TIMEREMAINING59:5 | 9:5 | EREMAININ | 0seed:426CE,
wg71.png,,NO_SEED_FOUND,8,False,True,Ice Storm | Ancient Vault | Leech Swarms | Legion Patrols | Lava Epics | Lots Of Asteroids | Cryon Rift | Few Ships,TIMEREMAINING59:36 | TIMEREMAINING59:3 | TIMEREMAINING59:36 | 9:3 | REMAININ,
wg73.JPG,,NO_SEED_FOUND,7,False,True,Artifact: Weapon | Ancient Vault | Leech Swarms | Rogue Turrets | Low Altitude Fog | Lots Of Asteroids | Legion Patrols,MEREMAOmapsed:28236C0 | Z• | —s | seed:283 | 1MEREMAINING59:5:28236C0 | pseed:28323 | TIMEREMAINING9:1 | 9:1 | REMAININ | apseed:283236,
wg75.JPG,,NO_SEED_FOUND,7,False,True,Artifact: Ice | Ice Storm | Leech Swarms | Easy Loot | Lots Of Asteroids | Cryon Rift | Legion Patrols,MEREMAnmapsed:96E390 | •• | — | eed:91 | MEREMAINING59:5:96390 | seed:96E3 | TIMEREMAINING9:5 | 9:5 | REMAININ | pseed:96E3E,
wg77.JPG,,NO_SEED_FOUND,6,False,True,Artifact: Ice | Cosmic Storm | Leech Swarms | Rogue Turrets | Lava Epics | Legion Patrols,MEREmAnmapsee:29Eb49C0 | •• | seed:29EB4 | MEREMAINING59:5:9B49C0 | pseed:29EB4s | TIMEREMAINING59:5 | 9:5 | REMAININ | apseed:29EB49,
wg79.png,,NO_SEED_FOUND,7,False,True,Artifact: Ice | Fast Gate | Haunted Storm | Rogue Turrets | Few Asteroids | Gloaming Expanse | Legion Patrols,MEREMANNOmapsed:B840 | 7•• | TMEREMAINING59:538400 | eed: | TIMEREMAINING59:5 | 9:5 | EREMaININ | 0seed:7B8C4,"""nDoa. | TonLo"
wg8.png,,NO_SEED_FOUND,1,True,True,Dead Sensors,cYanmlowb,MishRa
wg81.png,,NO_SEED_FOUND,6,False,True,Artifact: Ice | Cosmic Storm | Ancient Vault | Leech Swarms | Lava Epics | Legion Patrols,MEREMANNOmapsee789CEBOO | TMEREMAINING57:3478CB0 | TIMEREMAINING57:3 | 73 | EREMAININ | seed:78,
wg83.png,4498480,LENGTH_7_NOT_8,6,False,True,Artifact: Ice | Rogue Turrets | Lava Epics | Lots Of Asteroids | Cryon Rift | Legion Patrols,MEREMAn0mapseed4498480 | TMEREMAINING59:484980 | TIMEREMANING59:48 | 9:4 | EREMAININ | seed:4a498,
wg86.png,,NO_SEED_FOUND,7,False,True,Artifact: Ice | Ancient Vault | Rogue Turrets | Legion Patrols | Low Altitude Fog | Few Asteroids | Gloaming Expanse,VLRLMANmaseed | TIMEREMAINING59:147026700 | TIMEREMAINING59:14 | 9:1 | )seed:sD,ARTIEACT
wg87.png,,NO_SEED_FOUND,1,True,True,Dead Sensors,MEREMANNOmagseed:60188BO0 | 7•• | TMEREMAINING59:5360180 | TIMEREMAINING59:5 | 9:5 | EREMAININ | seed:60,
wg88.JPG,10500,LENGTH_5_NOT_8,6,False,True,Artifact: Healing | Haunted Storm | Easy Loot | Gloaming Expanse | Legion Patrols | Few Ships,MEREMAomapseed10500 | •• | — | ed:6410 | 1MEReMAINING59:5:41000 | apseed:641053 | TIMEREMAINING59:5 | 9:5 | REMAININ | pseed:641053,
wg90.JPG,,NO_SEED_FOUND,7,False,True,Artifact: Ice | Sandstorm | Leech Swarms | Epic Loot | Dead Worlds | Legion Patrols | Few Ships,MEREMAOmapsed:B5E0190 | • | — | ed:B5 | 1MEREMAINING59:5BE0190 | pseed:B5E | TIMEREMAINING9: | 9:5 | REMAININ | pseed:B5EO,
wg91.png,,NO_SEED_FOUND,6,False,True,Artifact: Weapon | Leech Swarms | Epic Loot | Lots Of Asteroids | Legion Patrols | Few Ships,MEREMAINNO4Tapseed7086480 | TMEREMAINING44:297086480 | TIMEREMANING4:2 | REMaINII | • | 9,
wg92.png,50940,LENGTH_5_NOT_8,8,False,True,Ancient Vault | Rogue Turrets | Easy Loot | Low Altitude Fog | Lots Of Asteroids | Dead Worlds | Legion Patrols | Few Ships,MEREMANNOmapseed50940 | S•• | TMEREMAINING37:30570940 | TIMEREMAINING37: | 7:3 | EREMAININ | : | seed:57OF,
wg94.png,,NO_SEED_FOUND,6,False,True,Artifact: Weapon | Ancient Vault | Epic Loot | Gloaming Expanse | Legion Patrols | Few Ships,MEREMANNOmapseeC40 | 7• | TMEREMAINING59:5032C540 | TIMEREMAINING59:5 | 9:5 | EREMAININ | seed:32,
wg95.png,,NO_SEED_FOUND,6,False,True,Artifact: Healing | Ancient Vault | Leech Swarms | Easy Loot | Legion Patrols | Few Ships,TIMEEMAINING59:3 | cYma—b | TIMEREMAINING59:3 | M | TIMEREMAINING59:33 | 9:3 | REMAININ,
wg97.JPG,,NO_SEED_FOUND,7,False,True,Artifact: Healing | Sandstorm | Rogue Turrets | Few Asteroids | Dead Worlds | Legion Patrols | Few Ships,MEREMAnOmapsed:185C800 | — | —• | eed:185CA | 1MEREMAINING59:3:185CA800 | apseed:185CA80 | TIMEREMAINING9:30 | 9:3 | REMAININ | apseed:185CA81,
wg99.png,,NO_SEED_FOUND,8,False,True,Leech Swarms | Rogue Turrets | Lava Epics | Low Altitude Fog | Lots Of Asteroids | Dead Worlds | Legion Patrols | Few Ships,TIMEREMAINING59:3 | TIMEREMAINING59:39 | ma | TIMEREMAINING59:39 | 9:3 | REMAININ | cYtYe | cYanmalow,
