epoch,time,train/box_loss,train/cls_loss,train/dfl_loss,metrics/precision(B),metrics/recall(B),metrics/mAP50(B),metrics/mAP50-95(B),val/box_loss,val/cls_loss,val/dfl_loss,lr/pg0,lr/pg1,lr/pg2
1,9.21666,4.21451,5.07741,2.39104,0,0,0,0,3.59607,4.81057,2.49092,7.69e-06,7.69e-06,7.69e-06
2,18.5154,4.12292,4.95965,2.26197,0,0,0,0,3.60418,4.80754,2.44897,2.26132e-05,2.26132e-05,2.26132e-05
3,26.4869,4.26555,4.9542,2.22137,0,0,0,0,3.57451,4.79134,2.4229,3.69274e-05,3.69274e-05,3.69274e-05
4,35.4552,4.32235,5.06566,2.43372,0,0,0,0,3.56393,4.79537,2.37264,5.06325e-05,5.06325e-05,5.06325e-05
5,43.6202,4.27042,5.18236,2.2637,0,0,0,0,3.55927,4.80074,2.25078,6.37286e-05,6.37286e-05,6.37286e-05
6,52.2932,3.72098,4.72514,1.76636,0,0,0,0,3.55927,4.80074,2.25078,7.62156e-05,7.62156e-05,7.62156e-05
7,61.1173,3.99178,4.98498,2.09216,0,0,0,0,3.44482,4.7858,2.08829,8.80936e-05,8.80936e-05,8.80936e-05
8,69.3917,3.83487,4.78873,1.85413,0,0,0,0,3.28317,4.74702,2.03627,9.93625e-05,9.93625e-05,9.93625e-05
9,77.7685,3.48591,4.63156,1.96087,0,0,0,0,3.28317,4.74702,2.03627,0.000110022,0.000110022,0.000110022
10,86.7043,3.80343,4.66507,1.71933,0,0,0,0,3.23929,4.7071,1.93743,0.000120073,0.000120073,0.000120073
11,96.5049,3.88966,4.81689,1.83388,0,0,0,0,3.23929,4.7071,1.93743,0.000129515,0.000129515,0.000129515
12,105.696,3.35055,4.58075,1.77757,0.00556,0.0303,0.01834,0.00183,3.23245,4.64535,1.91106,0.000138348,0.000138348,0.000138348
13,115.46,3.17574,4.4609,1.7442,0.00556,0.0303,0.01834,0.00183,3.23245,4.64535,1.91106,0.000146571,0.000146571,0.000146571
14,125.091,3.82562,4.59121,1.61706,0.00556,0.0303,0.01834,0.00183,3.23245,4.64535,1.91106,0.000154186,0.000154186,0.000154186
15,136.598,3.5281,4.40995,1.67365,0.0049,0.0303,0.01276,0.00255,3.21298,4.65338,1.73478,0.000161192,0.000161192,0.000161192
16,147.192,3.46584,4.48168,1.922,0.0049,0.0303,0.01276,0.00255,3.21298,4.65338,1.73478,0.000167588,0.000167588,0.000167588
17,157.143,3.34887,4.39477,1.73406,0.0049,0.0303,0.01276,0.00255,3.21298,4.65338,1.73478,0.000173376,0.000173376,0.000173376
18,167.944,3.22133,4.22194,1.57002,0.00433,0.0303,0.01251,0.00125,3.08902,4.59924,1.64386,0.000178554,0.000178554,0.000178554
19,177.34,3.82962,4.63124,1.7966,0.00433,0.0303,0.01251,0.00125,3.08902,4.59924,1.64386,0.000183124,0.000183124,0.000183124
20,186.713,3.68527,4.55493,1.97754,0.00433,0.0303,0.01251,0.00125,3.08902,4.59924,1.64386,0.000187084,0.000187084,0.000187084
21,196.787,3.17111,4.08971,1.50742,0.00392,0.0303,0.00388,0.00039,2.95391,4.47361,1.5515,0.000190435,0.000190435,0.000190435
22,205.521,3.18149,3.90237,1.56002,0.00392,0.0303,0.00388,0.00039,2.95391,4.47361,1.5515,0.000193177,0.000193177,0.000193177
23,214.572,3.19575,3.99765,1.62839,0.00392,0.0303,0.00388,0.00039,2.95391,4.47361,1.5515,0.000195311,0.000195311,0.000195311
24,223.061,3.38879,3.85233,1.39034,0.00392,0.0303,0.00388,0.00039,2.95391,4.47361,1.5515,0.000196835,0.000196835,0.000196835
25,232.017,3.36598,4.16119,1.73362,0.00835,0.06061,0.02135,0.00448,2.7833,4.31338,1.49045,0.00019775,0.00019775,0.00019775
26,241.302,3.14868,3.75768,1.54934,0.00835,0.06061,0.02135,0.00448,2.7833,4.31338,1.49045,0.000198056,0.000198056,0.000198056
27,249.995,3.14835,3.60194,1.53353,0.00835,0.06061,0.02135,0.00448,2.7833,4.31338,1.49045,0.000197753,0.000197753,0.000197753
28,258.579,3.39545,3.77299,1.49697,0.00835,0.06061,0.02135,0.00448,2.7833,4.31338,1.49045,0.000196841,0.000196841,0.000196841
29,266.839,3.1837,3.74836,1.55668,0.00835,0.06061,0.02135,0.00448,2.7833,4.31338,1.49045,0.00019532,0.00019532,0.00019532
30,275.354,3.03337,3.75656,1.4595,0.02288,0.21212,0.09743,0.03456,2.72157,4.13436,1.49855,0.00019319,0.00019319,0.00019319
31,284.223,2.88637,3.56126,1.58598,0.02288,0.21212,0.09743,0.03456,2.72157,4.13436,1.49855,0.000190451,0.000190451,0.000190451
32,293.228,3.47896,3.53412,1.50355,0.02288,0.21212,0.09743,0.03456,2.72157,4.13436,1.49855,0.000187102,0.000187102,0.000187102
33,302.11,3.03217,3.55033,1.51593,0.02288,0.21212,0.09743,0.03456,2.72157,4.13436,1.49855,0.000183145,0.000183145,0.000183145
34,310.72,3.40351,3.88362,1.7883,0.02288,0.21212,0.09743,0.03456,2.72157,4.13436,1.49855,0.000178579,0.000178579,0.000178579
35,319.044,3.54773,4.01265,1.75451,0.02288,0.21212,0.09743,0.03456,2.72157,4.13436,1.49855,0.000173403,0.000173403,0.000173403
36,327.532,3.09173,3.60562,1.6025,0.01852,0.27273,0.09206,0.03202,2.57782,3.89216,1.46279,0.000167619,0.000167619,0.000167619
37,336.107,3.12023,3.31384,1.45702,0.01852,0.27273,0.09206,0.03202,2.57782,3.89216,1.46279,0.000161225,0.000161225,0.000161225
38,344.301,2.96944,3.35504,1.51168,0.01852,0.27273,0.09206,0.03202,2.57782,3.89216,1.46279,0.000154223,0.000154223,0.000154223
39,352.963,3.25971,3.69705,1.53551,0.01852,0.27273,0.09206,0.03202,2.57782,3.89216,1.46279,0.000146611,0.000146611,0.000146611
40,361.671,2.88533,3.50827,1.57254,0.01852,0.27273,0.09206,0.03202,2.57782,3.89216,1.46279,0.000138391,0.000138391,0.000138391
41,370.657,3.15909,3.5633,1.45664,0.01852,0.27273,0.09206,0.03202,2.57782,3.89216,1.46279,0.000129561,0.000129561,0.000129561
42,378.989,3.28897,4.40221,1.52599,0.01852,0.27273,0.09206,0.03202,2.57782,3.89216,1.46279,0.000120122,0.000120122,0.000120122
43,387.778,3.0503,3.56311,1.67927,0.41901,0.11563,0.10513,0.03315,2.58501,3.69334,1.455,0.000110075,0.000110075,0.000110075
44,395.853,3.56642,3.77885,1.50271,0.41901,0.11563,0.10513,0.03315,2.58501,3.69334,1.455,9.94179e-05,9.94179e-05,9.94179e-05
45,404.121,3.45741,3.89523,1.49824,0.41901,0.11563,0.10513,0.03315,2.58501,3.69334,1.455,8.8152e-05,8.8152e-05,8.8152e-05
46,412.747,3.33256,3.85454,1.52726,0.41901,0.11563,0.10513,0.03315,2.58501,3.69334,1.455,7.62771e-05,7.62771e-05,7.62771e-05
47,421.289,2.93027,3.40801,1.6013,0.41901,0.11563,0.10513,0.03315,2.58501,3.69334,1.455,6.37932e-05,6.37932e-05,6.37932e-05
48,430.478,2.83343,3.37272,1.57913,0.41901,0.11563,0.10513,0.03315,2.58501,3.69334,1.455,5.07002e-05,5.07002e-05,5.07002e-05
49,439.034,3.23544,3.51149,1.73441,0.41901,0.11563,0.10513,0.03315,2.58501,3.69334,1.455,3.69981e-05,3.69981e-05,3.69981e-05
50,447.916,2.96931,3.54818,1.46046,0.41901,0.11563,0.10513,0.03315,2.58501,3.69334,1.455,2.2687e-05,2.2687e-05,2.2687e-05
